Program,Num / 1000
CAA,9.061063690085359
CWA,2843.099210968827
RCRA,12.768104970981579
